date,ILI+,Influenza_Reported_Cases,Prefecture,Year,Week,holiday_effect
2013-01-06,0.44,1127.0,Tokyo,2013,1,0
2013-01-13,0.86,5866.0,Tokyo,2013,2,0
2013-01-20,0.57,9989.0,Tokyo,2013,3,0
2013-01-27,0.98,17259.0,Tokyo,2013,4,0
2013-02-03,1.25,15006.0,Tokyo,2013,5,0
2013-02-10,0.79,8804.0,Tokyo,2013,6,0
2013-02-17,0.72,3811.0,Tokyo,2013,7,0
2013-02-24,0.59,2611.0,Tokyo,2013,8,0
2013-03-03,0.67,1907.0,Tokyo,2013,9,0
2013-03-10,0.34,1471.0,Tokyo,2013,10,0
2013-03-17,0.45,1061.0,Tokyo,2013,11,0
2013-03-24,0.39,870.0,Tokyo,2013,12,0
2013-03-31,0.46,423.0,Tokyo,2013,13,0
2013-04-07,0.26,337.0,Tokyo,2013,14,0
2013-04-14,0.28,233.0,Tokyo,2013,15,0
2013-04-21,0.36,391.0,Tokyo,2013,16,0
2013-04-28,0.32,427.0,Tokyo,2013,17,0
2013-05-05,0.19,309.0,Tokyo,2013,18,0
2013-05-12,0.22,263.0,Tokyo,2013,19,0
2013-05-19,0.17,308.0,Tokyo,2013,20,0
2013-05-26,0.37,200.0,Tokyo,2013,21,0
2013-06-02,0.23,148.0,Tokyo,2013,22,0
2013-06-09,0.22,75.0,Tokyo,2013,23,0
2013-06-16,0.14,35.0,Tokyo,2013,24,0
2013-06-23,0.24,28.0,Tokyo,2013,25,0
2013-06-30,0.31,43.0,Tokyo,2013,26,0
2013-07-07,0.33,13.0,Tokyo,2013,27,0
2013-07-14,0.39,8.0,Tokyo,2013,28,0
2013-07-21,0.53,11.0,Tokyo,2013,29,0
2013-07-28,0.55,2.0,Tokyo,2013,30,0
2013-08-04,0.93,9.0,Tokyo,2013,31,0
2013-08-11,1.33,5.0,Tokyo,2013,32,0
2013-08-18,0.89,2.0,Tokyo,2013,33,1
2013-08-25,0.78,3.0,Tokyo,2013,34,0
2013-09-01,1.46,1.0,Tokyo,2013,35,0
2013-09-08,2.12,2.0,Tokyo,2013,36,0
2013-09-15,3.02,4.0,Tokyo,2013,37,0
2013-09-22,2.63,1.0,Tokyo,2013,38,0
2013-09-29,2.45,1.0,Tokyo,2013,39,0
2013-10-06,2.63,4.0,Tokyo,2013,40,0
2013-10-13,3.22,14.0,Tokyo,2013,41,0
2013-10-20,2.71,7.0,Tokyo,2013,42,0
2013-10-27,2.74,39.0,Tokyo,2013,43,0
2013-11-03,2.91,35.0,Tokyo,2013,44,0
2013-11-10,2.36,53.0,Tokyo,2013,45,0
2013-11-17,2.45,52.0,Tokyo,2013,46,0
2013-11-24,2.13,123.0,Tokyo,2013,47,0
2013-12-01,2.45,173.0,Tokyo,2013,48,0
2013-12-08,2.18,282.0,Tokyo,2013,49,0
2013-12-15,2.14,303.0,Tokyo,2013,50,0
2013-12-22,1.78,451.0,Tokyo,2013,51,0
2013-12-29,1.48,618.0,Tokyo,2013,52,0
2014-01-05,0.28,282.0,Tokyo,2014,1,0
2014-01-12,1.23,2098.0,Tokyo,2014,2,0
2014-01-19,0.85,4637.0,Tokyo,2014,3,0
2014-01-26,0.85,12317.0,Tokyo,2014,4,0
2014-02-02,0.77,17091.0,Tokyo,2014,5,0
2014-02-09,0.81,14288.0,Tokyo,2014,6,0
2014-02-16,0.38,11727.0,Tokyo,2014,7,0
2014-02-23,0.39,11911.0,Tokyo,2014,8,0
2014-03-02,0.26,11973.0,Tokyo,2014,9,0
2014-03-09,0.34,9419.0,Tokyo,2014,10,0
2014-03-16,0.37,8563.0,Tokyo,2014,11,0
2014-03-23,0.33,6102.0,Tokyo,2014,12,0
2014-03-30,0.35,3880.0,Tokyo,2014,13,0
2014-04-06,0.26,2001.0,Tokyo,2014,14,0
2014-04-13,0.27,1264.0,Tokyo,2014,15,0
2014-04-20,0.23,1181.0,Tokyo,2014,16,0
2014-04-27,0.32,840.0,Tokyo,2014,17,0
2014-05-04,0.19,416.0,Tokyo,2014,18,0
2014-05-11,0.14,138.0,Tokyo,2014,19,0
2014-05-18,0.3,104.0,Tokyo,2014,20,0
2014-05-25,0.16,49.0,Tokyo,2014,21,0
2014-06-01,0.21,37.0,Tokyo,2014,22,0
2014-06-08,0.2,8.0,Tokyo,2014,23,0
2014-06-15,0.16,14.0,Tokyo,2014,24,0
2014-06-22,0.34,5.0,Tokyo,2014,25,0
2014-06-29,0.3,7.0,Tokyo,2014,26,0
2014-07-06,0.09,4.0,Tokyo,2014,27,0
2014-07-13,0.32,1.0,Tokyo,2014,28,0
2014-07-20,0.27,3.0,Tokyo,2014,29,0
2014-07-27,0.24,2.0,Tokyo,2014,30,0
2014-08-03,0.27,4.0,Tokyo,2014,31,0
2014-08-10,0.36,3.0,Tokyo,2014,32,0
2014-08-17,0.37,5.0,Tokyo,2014,33,1
2014-08-24,0.6,3.0,Tokyo,2014,34,0
2014-08-31,0.79,6.0,Tokyo,2014,35,0
2014-09-07,1.2,6.0,Tokyo,2014,36,0
2014-09-14,1.5,16.0,Tokyo,2014,37,0
2014-09-21,1.99,51.0,Tokyo,2014,38,0
2014-09-28,1.94,37.0,Tokyo,2014,39,0
2014-10-05,2.1,31.0,Tokyo,2014,40,0
2014-10-12,2.36,26.0,Tokyo,2014,41,0
2014-10-19,1.82,30.0,Tokyo,2014,42,0
2014-10-26,2.18,32.0,Tokyo,2014,43,0
2014-11-02,2.86,93.0,Tokyo,2014,44,0
2014-11-09,2.68,161.0,Tokyo,2014,45,0
2014-11-16,3.53,302.0,Tokyo,2014,46,0
2014-11-23,3.82,791.0,Tokyo,2014,47,0
2014-11-30,3.4,1496.0,Tokyo,2014,48,0
2014-12-07,4.15,2420.0,Tokyo,2014,49,0
2014-12-14,4.72,4192.0,Tokyo,2014,50,0
2014-12-21,4.28,8570.0,Tokyo,2014,51,0
2014-12-28,3.58,13554.0,Tokyo,2014,52,0
2015-01-04,0.78,3802.0,Tokyo,2015,1,0
2015-01-11,1.64,9806.0,Tokyo,2015,2,0
2015-01-18,1.18,8198.0,Tokyo,2015,3,0
2015-01-25,1.48,9605.0,Tokyo,2015,4,0
2015-02-01,0.97,7835.0,Tokyo,2015,5,0
2015-02-08,1.0,4743.0,Tokyo,2015,6,0
2015-02-15,0.63,3204.0,Tokyo,2015,7,0
2015-02-22,0.81,2213.0,Tokyo,2015,8,0
2015-03-01,0.64,1694.0,Tokyo,2015,9,0
2015-03-08,0.53,1175.0,Tokyo,2015,10,0
2015-03-15,0.49,1107.0,Tokyo,2015,11,0
2015-03-22,0.46,983.0,Tokyo,2015,12,0
2015-03-29,0.44,636.0,Tokyo,2015,13,0
2015-04-05,0.41,580.0,Tokyo,2015,14,0
2015-04-12,0.31,417.0,Tokyo,2015,15,0
2015-04-19,0.37,618.0,Tokyo,2015,16,0
2015-04-26,0.41,528.0,Tokyo,2015,17,0
2015-05-03,0.16,188.0,Tokyo,2015,18,0
2015-05-10,0.11,96.0,Tokyo,2015,19,0
2015-05-17,0.15,71.0,Tokyo,2015,20,0
2015-05-24,0.18,52.0,Tokyo,2015,21,0
2015-05-31,0.15,36.0,Tokyo,2015,22,0
2015-06-07,0.09,34.0,Tokyo,2015,23,0
2015-06-14,0.17,8.0,Tokyo,2015,24,0
2015-06-21,0.14,21.0,Tokyo,2015,25,0
2015-06-28,0.09,13.0,Tokyo,2015,26,0
2015-07-05,0.1,10.0,Tokyo,2015,27,0
2015-07-12,0.09,8.0,Tokyo,2015,28,0
2015-07-19,0.15,5.0,Tokyo,2015,29,0
2015-07-26,0.23,10.0,Tokyo,2015,30,0
2015-08-02,0.27,11.0,Tokyo,2015,31,0
2015-08-09,0.58,3.0,Tokyo,2015,32,0
2015-08-16,0.29,4.0,Tokyo,2015,33,1
2015-08-23,0.64,4.0,Tokyo,2015,34,0
2015-08-30,1.06,2.0,Tokyo,2015,35,0
2015-09-06,1.72,20.0,Tokyo,2015,36,0
2015-09-13,2.47,30.0,Tokyo,2015,37,0
2015-09-20,3.42,25.0,Tokyo,2015,38,0
2015-09-27,2.09,16.0,Tokyo,2015,39,0
2015-10-04,3.03,28.0,Tokyo,2015,40,0
2015-10-11,3.98,36.0,Tokyo,2015,41,0
2015-10-18,3.63,32.0,Tokyo,2015,42,0
2015-10-25,3.84,49.0,Tokyo,2015,43,0
2015-11-01,3.57,59.0,Tokyo,2015,44,0
2015-11-08,3.52,77.0,Tokyo,2015,45,0
2015-11-15,3.1,61.0,Tokyo,2015,46,0
2015-11-22,3.35,99.0,Tokyo,2015,47,0
2015-11-29,3.1,75.0,Tokyo,2015,48,0
2015-12-06,3.5,79.0,Tokyo,2015,49,0
2015-12-13,3.56,181.0,Tokyo,2015,50,0
2015-12-20,2.76,231.0,Tokyo,2015,51,0
2015-12-27,2.77,304.0,Tokyo,2015,52,0
2016-01-03,1.13,167.0,Tokyo,2015,53,0
2016-01-10,1.54,681.0,Tokyo,2016,1,0
2016-01-17,0.88,1573.0,Tokyo,2016,2,0
2016-01-24,1.12,4626.0,Tokyo,2016,3,0
2016-01-31,1.27,10782.0,Tokyo,2016,4,0
2016-02-07,0.67,16365.0,Tokyo,2016,5,0
2016-02-14,0.45,15494.0,Tokyo,2016,6,0
2016-02-21,0.32,12374.0,Tokyo,2016,7,0
2016-02-28,0.32,10688.0,Tokyo,2016,8,0
2016-03-06,0.33,9499.0,Tokyo,2016,9,0
2016-03-13,0.25,8049.0,Tokyo,2016,10,0
2016-03-20,0.25,6138.0,Tokyo,2016,11,0
2016-03-27,0.25,3848.0,Tokyo,2016,12,0
2016-04-03,0.13,3087.0,Tokyo,2016,13,0
2016-04-10,0.17,2028.0,Tokyo,2016,14,0
2016-04-17,0.34,1469.0,Tokyo,2016,15,0
2016-04-24,0.37,1186.0,Tokyo,2016,16,0
2016-05-01,0.21,567.0,Tokyo,2016,17,0
2016-05-08,0.07,176.0,Tokyo,2016,18,0
2016-05-15,0.14,99.0,Tokyo,2016,19,0
2016-05-22,0.15,100.0,Tokyo,2016,20,0
2016-05-29,0.25,72.0,Tokyo,2016,21,0
2016-06-05,0.12,34.0,Tokyo,2016,22,0
2016-06-12,0.27,27.0,Tokyo,2016,23,0
2016-06-19,0.11,19.0,Tokyo,2016,24,0
2016-06-26,0.32,8.0,Tokyo,2016,25,0
2016-07-03,0.32,7.0,Tokyo,2016,26,0
2016-07-10,0.25,9.0,Tokyo,2016,27,0
2016-07-17,0.36,9.0,Tokyo,2016,28,0
2016-07-24,0.42,4.0,Tokyo,2016,29,0
2016-07-31,0.66,5.0,Tokyo,2016,30,0
2016-08-07,0.93,5.0,Tokyo,2016,31,0
2016-08-14,1.03,6.0,Tokyo,2016,32,0
2016-08-21,0.98,4.0,Tokyo,2016,33,1
2016-08-28,1.71,15.0,Tokyo,2016,34,0
2016-09-04,3.12,13.0,Tokyo,2016,35,0
2016-09-11,4.49,31.0,Tokyo,2016,36,0
2016-09-18,5.76,54.0,Tokyo,2016,37,0
2016-09-25,5.11,39.0,Tokyo,2016,38,0
2016-10-02,6.65,61.0,Tokyo,2016,39,0
2016-10-09,7.23,96.0,Tokyo,2016,40,0
2016-10-16,5.27,98.0,Tokyo,2016,41,0
2016-10-23,4.36,117.0,Tokyo,2016,42,0
2016-10-30,3.02,159.0,Tokyo,2016,43,0
2016-11-06,1.55,242.0,Tokyo,2016,44,0
2016-11-13,1.42,390.0,Tokyo,2016,45,0
2016-11-20,1.34,652.0,Tokyo,2016,46,0
2016-11-27,0.85,727.0,Tokyo,2016,47,0
2016-12-04,0.76,1160.0,Tokyo,2016,48,0
2016-12-11,0.82,1675.0,Tokyo,2016,49,0
2016-12-18,0.53,2576.0,Tokyo,2016,50,0
2016-12-25,0.57,4360.0,Tokyo,2016,51,0
2017-01-01,0.26,3461.0,Tokyo,2016,52,0
2017-01-08,0.19,3770.0,Tokyo,2017,1,0
2017-01-15,0.23,6295.0,Tokyo,2017,2,0
2017-01-22,0.38,11861.0,Tokyo,2017,3,0
2017-01-29,0.24,16073.0,Tokyo,2017,4,0
2017-02-05,0.36,14694.0,Tokyo,2017,5,0
2017-02-12,0.22,10813.0,Tokyo,2017,6,0
2017-02-19,0.28,9277.0,Tokyo,2017,7,0
2017-02-26,0.26,6495.0,Tokyo,2017,8,0
2017-03-05,0.24,5161.0,Tokyo,2017,9,0
2017-03-12,0.29,4220.0,Tokyo,2017,10,0
2017-03-19,0.36,4217.0,Tokyo,2017,11,0
2017-03-26,0.26,3008.0,Tokyo,2017,12,0
2017-04-02,0.34,2635.0,Tokyo,2017,13,0
2017-04-09,0.27,2101.0,Tokyo,2017,14,0
2017-04-16,0.62,1716.0,Tokyo,2017,15,0
2017-04-23,0.72,1872.0,Tokyo,2017,16,0
2017-04-30,0.7,1285.0,Tokyo,2017,17,0
2017-05-07,0.53,724.0,Tokyo,2017,18,0
2017-05-14,0.4,495.0,Tokyo,2017,19,0
2017-05-21,0.52,251.0,Tokyo,2017,20,0
2017-05-28,0.56,123.0,Tokyo,2017,21,0
2017-06-04,0.63,48.0,Tokyo,2017,22,0
2017-06-11,0.59,26.0,Tokyo,2017,23,0
2017-06-18,0.62,27.0,Tokyo,2017,24,0
2017-06-25,0.58,17.0,Tokyo,2017,25,0
2017-07-02,0.76,17.0,Tokyo,2017,26,0
2017-07-09,1.16,45.0,Tokyo,2017,27,0
2017-07-16,1.78,29.0,Tokyo,2017,28,0
2017-07-23,2.23,38.0,Tokyo,2017,29,0
2017-07-30,4.05,60.0,Tokyo,2017,30,0
2017-08-06,5.83,95.0,Tokyo,2017,31,0
2017-08-13,4.82,35.0,Tokyo,2017,32,0
2017-08-20,4.54,29.0,Tokyo,2017,33,1
2017-08-27,5.97,40.0,Tokyo,2017,34,0
2017-09-03,8.2,58.0,Tokyo,2017,35,0
2017-09-10,7.86,71.0,Tokyo,2017,36,0
2017-09-17,6.55,83.0,Tokyo,2017,37,0
2017-09-24,4.41,67.0,Tokyo,2017,38,0
2017-10-01,3.81,79.0,Tokyo,2017,39,0
2017-10-08,2.79,54.0,Tokyo,2017,40,0
2017-10-15,1.97,68.0,Tokyo,2017,41,0
2017-10-22,1.32,98.0,Tokyo,2017,42,0
2017-10-29,1.31,142.0,Tokyo,2017,43,0
2017-11-05,1.17,233.0,Tokyo,2017,44,0
2017-11-12,0.85,226.0,Tokyo,2017,45,0
2017-11-19,0.82,360.0,Tokyo,2017,46,0
2017-11-26,0.69,775.0,Tokyo,2017,47,0
2017-12-03,0.76,1322.0,Tokyo,2017,48,0
2017-12-10,1.03,2182.0,Tokyo,2017,49,0
2017-12-17,0.88,3756.0,Tokyo,2017,50,0
2017-12-24,1.03,5766.0,Tokyo,2017,51,0
2017-12-31,0.89,6325.0,Tokyo,2017,52,0
2018-01-07,0.54,4335.0,Tokyo,2018,1,0
2018-01-14,0.51,9456.0,Tokyo,2018,2,0
2018-01-21,0.7,20612.0,Tokyo,2018,3,0
2018-01-28,0.87,22504.0,Tokyo,2018,4,0
2018-02-04,0.83,22090.0,Tokyo,2018,5,0
2018-02-11,0.68,16327.0,Tokyo,2018,6,0
2018-02-18,0.57,9137.0,Tokyo,2018,7,0
2018-02-25,0.55,6963.0,Tokyo,2018,8,0
2018-03-04,0.75,4988.0,Tokyo,2018,9,0
2018-03-11,0.57,3258.0,Tokyo,2018,10,0
2018-03-18,1.0,2185.0,Tokyo,2018,11,0
2018-03-25,0.77,1204.0,Tokyo,2018,12,0
2018-04-01,0.67,788.0,Tokyo,2018,13,0
2018-04-08,0.54,452.0,Tokyo,2018,14,0
2018-04-15,0.9,358.0,Tokyo,2018,15,0
2018-04-22,0.9,370.0,Tokyo,2018,16,0
2018-04-29,0.74,298.0,Tokyo,2018,17,0
2018-05-06,0.41,95.0,Tokyo,2018,18,0
2018-05-13,0.33,93.0,Tokyo,2018,19,0
2018-05-20,0.71,74.0,Tokyo,2018,20,0
2018-05-27,0.46,66.0,Tokyo,2018,21,0
2018-06-03,0.46,63.0,Tokyo,2018,22,0
2018-06-10,0.51,50.0,Tokyo,2018,23,0
2018-06-17,0.62,29.0,Tokyo,2018,24,0
2018-06-24,0.82,35.0,Tokyo,2018,25,0
2018-07-01,0.96,13.0,Tokyo,2018,26,0
2018-07-08,0.9,28.0,Tokyo,2018,27,0
2018-07-15,1.51,22.0,Tokyo,2018,28,0
2018-07-22,1.79,6.0,Tokyo,2018,29,0
2018-07-29,2.45,8.0,Tokyo,2018,30,0
2018-08-05,3.72,10.0,Tokyo,2018,31,0
2018-08-12,3.79,9.0,Tokyo,2018,32,0
2018-08-19,3.17,12.0,Tokyo,2018,33,1
2018-08-26,3.78,4.0,Tokyo,2018,34,0
2018-09-02,5.09,10.0,Tokyo,2018,35,0
2018-09-09,5.44,34.0,Tokyo,2018,36,0
2018-09-16,5.49,87.0,Tokyo,2018,37,0
2018-09-23,3.62,79.0,Tokyo,2018,38,0
2018-09-30,3.13,71.0,Tokyo,2018,39,0
2018-10-07,3.36,100.0,Tokyo,2018,40,0
2018-10-14,2.48,42.0,Tokyo,2018,41,0
2018-10-21,2.28,56.0,Tokyo,2018,42,0
2018-10-28,1.68,64.0,Tokyo,2018,43,0
2018-11-04,1.08,83.0,Tokyo,2018,44,0
2018-11-11,1.07,184.0,Tokyo,2018,45,0
2018-11-18,0.85,251.0,Tokyo,2018,46,0
2018-11-25,0.66,208.0,Tokyo,2018,47,0
2018-12-02,0.66,392.0,Tokyo,2018,48,0
2018-12-09,0.64,654.0,Tokyo,2018,49,0
2018-12-16,0.72,1113.0,Tokyo,2018,50,0
2018-12-23,0.64,3233.0,Tokyo,2018,51,0
2018-12-30,0.46,4507.0,Tokyo,2018,52,0
2019-01-06,0.3,3145.0,Tokyo,2019,1,0
2019-01-13,0.43,13064.0,Tokyo,2019,2,0
2019-01-20,0.44,21850.0,Tokyo,2019,3,0
2019-01-27,0.5,26635.0,Tokyo,2019,4,0
2019-02-03,0.48,18862.0,Tokyo,2019,5,0
2019-02-10,0.41,10304.0,Tokyo,2019,6,0
2019-02-17,0.63,4281.0,Tokyo,2019,7,0
2019-02-24,0.57,2739.0,Tokyo,2019,8,0
2019-03-03,0.73,1434.0,Tokyo,2019,9,0
2019-03-10,0.54,912.0,Tokyo,2019,10,0
2019-03-17,0.81,525.0,Tokyo,2019,11,0
2019-03-24,1.01,402.0,Tokyo,2019,12,0
2019-03-31,0.57,342.0,Tokyo,2019,13,0
2019-04-07,0.69,439.0,Tokyo,2019,14,0
2019-04-14,1.16,554.0,Tokyo,2019,15,0
2019-04-21,1.36,1339.0,Tokyo,2019,16,0
2019-04-28,0.89,1089.0,Tokyo,2019,17,0
2019-05-05,0.3,229.0,Tokyo,2019,18,0
2019-05-12,0.35,337.0,Tokyo,2019,19,0
2019-05-19,0.55,361.0,Tokyo,2019,20,0
2019-05-26,0.72,218.0,Tokyo,2019,21,0
2019-06-02,0.67,143.0,Tokyo,2019,22,0
2019-06-09,0.64,110.0,Tokyo,2019,23,0
2019-06-16,0.84,87.0,Tokyo,2019,24,0
2019-06-23,0.77,67.0,Tokyo,2019,25,0
2019-06-30,0.96,31.0,Tokyo,2019,26,0
2019-07-07,1.22,24.0,Tokyo,2019,27,0
2019-07-14,2.09,36.0,Tokyo,2019,28,0
2019-07-21,2.09,36.0,Tokyo,2019,29,0
2019-07-28,3.65,34.0,Tokyo,2019,30,0
2019-08-04,5.6,55.0,Tokyo,2019,31,0
2019-08-11,5.13,50.0,Tokyo,2019,32,0
2019-08-18,3.62,61.0,Tokyo,2019,33,1
2019-08-25,4.39,51.0,Tokyo,2019,34,0
2019-09-01,6.16,100.0,Tokyo,2019,35,0
2019-09-08,6.84,202.0,Tokyo,2019,36,0
2019-09-15,6.46,387.0,Tokyo,2019,37,0
2019-09-22,4.65,436.0,Tokyo,2019,38,0
2019-09-29,3.9,398.0,Tokyo,2019,39,0
2019-10-06,2.91,435.0,Tokyo,2019,40,0
2019-10-13,2.15,409.0,Tokyo,2019,41,0
2019-10-20,1.55,243.0,Tokyo,2019,42,0
2019-10-27,0.87,284.0,Tokyo,2019,43,0
2019-11-03,0.72,459.0,Tokyo,2019,44,0
2019-11-10,0.7,460.0,Tokyo,2019,45,0
2019-11-17,0.62,828.0,Tokyo,2019,46,0
2019-11-24,0.6,1225.0,Tokyo,2019,47,0
2019-12-01,0.59,2547.0,Tokyo,2019,48,0
2019-12-08,0.58,4288.0,Tokyo,2019,49,0
2019-12-15,0.44,6972.0,Tokyo,2019,50,0
2019-12-22,0.65,9119.0,Tokyo,2019,51,0
2019-12-29,0.68,9595.0,Tokyo,2019,52,0
2020-01-05,0.13,1787.0,Tokyo,2020,1,0
2020-01-12,0.42,5998.0,Tokyo,2020,2,0
2020-01-19,0.31,4876.0,Tokyo,2020,3,0
2020-01-26,0.44,5586.0,Tokyo,2020,4,0
2020-02-02,0.61,4651.0,Tokyo,2020,5,0
2020-02-09,0.49,2818.0,Tokyo,2020,6,0
2020-02-16,0.54,2479.0,Tokyo,2020,7,0
2020-02-23,0.46,2077.0,Tokyo,2020,8,0
2020-03-01,0.55,1484.0,Tokyo,2020,9,0
2020-03-08,0.47,968.0,Tokyo,2020,10,0
2020-03-15,0.42,372.0,Tokyo,2020,11,0
2020-03-22,0.14,144.0,Tokyo,2020,12,0
2020-03-29,0.08,72.0,Tokyo,2020,13,0
2020-04-05,0.06,13.0,Tokyo,2020,14,0
2020-04-12,0.09,14.0,Tokyo,2020,15,0
2020-04-19,0.02,0.0,Tokyo,2020,16,0
2020-04-26,0.01,2.0,Tokyo,2020,17,0
2020-05-03,0.01,0.0,Tokyo,2020,18,0
2020-05-10,0.01,0.0,Tokyo,2020,19,0
2020-05-17,0.0,0.0,Tokyo,2020,20,0
2020-05-24,0.01,1.0,Tokyo,2020,21,0
2020-05-31,0.0,0.0,Tokyo,2020,22,0
2020-06-07,0.0,0.0,Tokyo,2020,23,0
2020-06-14,0.0,0.0,Tokyo,2020,24,0
2020-06-21,0.0,0.0,Tokyo,2020,25,0
2020-06-28,0.0,0.0,Tokyo,2020,26,0
2020-07-05,0.03,0.0,Tokyo,2020,27,0
2020-07-12,0.02,0.0,Tokyo,2020,28,0
2020-07-19,0.01,0.0,Tokyo,2020,29,0
2020-07-26,0.0,0.0,Tokyo,2020,30,0
2020-08-02,0.01,0.0,Tokyo,2020,31,0
2020-08-09,0.01,0.0,Tokyo,2020,32,0
2020-08-16,0.0,1.0,Tokyo,2020,33,1
2020-08-23,0.0,0.0,Tokyo,2020,34,0
2020-08-30,0.0,0.0,Tokyo,2020,35,0
2020-09-06,0.0,0.0,Tokyo,2020,36,0
2020-09-13,0.03,0.0,Tokyo,2020,37,0
2020-09-20,0.0,0.0,Tokyo,2020,38,0
2020-09-27,0.0,0.0,Tokyo,2020,39,0
2020-10-04,0.0,0.0,Tokyo,2020,40,0
2020-10-11,0.02,1.0,Tokyo,2020,41,0
2020-10-18,0.02,1.0,Tokyo,2020,42,0
2020-10-25,0.02,2.0,Tokyo,2020,43,0
2020-11-01,0.0,4.0,Tokyo,2020,44,0
2020-11-08,0.0,4.0,Tokyo,2020,45,0
2020-11-15,0.02,2.0,Tokyo,2020,46,0
2020-11-22,0.01,5.0,Tokyo,2020,47,0
2020-11-29,0.06,2.0,Tokyo,2020,48,0
2020-12-06,0.0,3.0,Tokyo,2020,49,0
2020-12-13,0.02,4.0,Tokyo,2020,50,0
2020-12-20,0.04,3.0,Tokyo,2020,51,0
2020-12-27,0.05,2.0,Tokyo,2020,52,0
2021-01-03,0.04,1.0,Tokyo,2020,53,0
2021-01-10,0.01,3.0,Tokyo,2021,1,0
2021-01-17,0.09,4.0,Tokyo,2021,2,0
2021-01-24,0.13,5.0,Tokyo,2021,3,0
2021-01-31,0.12,5.0,Tokyo,2021,4,0
2021-02-07,0.11,4.0,Tokyo,2021,5,0
2021-02-14,0.04,0.0,Tokyo,2021,6,0
2021-02-21,0.16,2.0,Tokyo,2021,7,0
2021-02-28,0.33,0.0,Tokyo,2021,8,0
2021-03-07,0.17,1.0,Tokyo,2021,9,0
2021-03-14,0.25,2.0,Tokyo,2021,10,0
2021-03-21,0.3,0.0,Tokyo,2021,11,0
2021-03-28,0.15,1.0,Tokyo,2021,12,0
2021-04-04,0.25,0.0,Tokyo,2021,13,0
2021-04-11,0.37,1.0,Tokyo,2021,14,0
2021-04-18,0.76,0.0,Tokyo,2021,15,0
2021-04-25,0.62,0.0,Tokyo,2021,16,0
2021-05-02,0.81,0.0,Tokyo,2021,17,0
2021-05-09,0.58,0.0,Tokyo,2021,18,0
2021-05-16,0.95,0.0,Tokyo,2021,19,0
2021-05-23,2.19,1.0,Tokyo,2021,20,0
2021-05-30,3.68,0.0,Tokyo,2021,21,0
2021-06-06,4.72,0.0,Tokyo,2021,22,0
2021-06-13,6.55,0.0,Tokyo,2021,23,0
2021-06-20,8.5,0.0,Tokyo,2021,24,0
2021-06-27,12.38,0.0,Tokyo,2021,25,0
2021-07-04,15.81,0.0,Tokyo,2021,26,0
2021-07-11,20.22,0.0,Tokyo,2021,27,0
2021-07-18,22.95,0.0,Tokyo,2021,28,0
2021-07-25,17.09,0.0,Tokyo,2021,29,0
2021-08-01,11.6,1.0,Tokyo,2021,30,0
2021-08-08,9.93,0.0,Tokyo,2021,31,0
2021-08-15,5.18,0.0,Tokyo,2021,32,0
2021-08-22,3.31,0.0,Tokyo,2021,33,1
2021-08-29,3.34,0.0,Tokyo,2021,34,0
2021-09-05,2.35,0.0,Tokyo,2021,35,0
2021-09-12,1.76,0.0,Tokyo,2021,36,0
2021-09-19,0.99,0.0,Tokyo,2021,37,0
2021-09-26,0.35,1.0,Tokyo,2021,38,0
2021-10-03,0.37,0.0,Tokyo,2021,39,0
2021-10-10,0.26,0.0,Tokyo,2021,40,0
2021-10-17,0.2,1.0,Tokyo,2021,41,0
2021-10-24,0.1,0.0,Tokyo,2021,42,0
2021-10-31,0.14,0.0,Tokyo,2021,43,0
2021-11-07,0.13,0.0,Tokyo,2021,44,0
2021-11-14,0.21,1.0,Tokyo,2021,45,0
2021-11-21,0.05,1.0,Tokyo,2021,46,0
2021-11-28,0.06,0.0,Tokyo,2021,47,0
2021-12-05,0.05,0.0,Tokyo,2021,48,0
2021-12-12,0.03,0.0,Tokyo,2021,49,0
2021-12-19,0.14,6.0,Tokyo,2021,50,0
2021-12-26,0.19,1.0,Tokyo,2021,51,0
2022-01-02,0.12,2.0,Tokyo,2021,52,0
2022-01-09,0.05,3.0,Tokyo,2022,1,0
2022-01-16,0.08,4.0,Tokyo,2022,2,0
2022-01-23,0.12,3.0,Tokyo,2022,3,0
2022-01-30,0.04,4.0,Tokyo,2022,4,0
2022-02-06,0.07,0.0,Tokyo,2022,5,0
2022-02-13,0.04,0.0,Tokyo,2022,6,0
2022-02-20,0.03,0.0,Tokyo,2022,7,0
2022-02-27,0.03,0.0,Tokyo,2022,8,0
2022-03-06,0.09,1.0,Tokyo,2022,9,0
2022-03-13,0.1,1.0,Tokyo,2022,10,0
2022-03-20,0.03,0.0,Tokyo,2022,11,0
2022-03-27,0.01,0.0,Tokyo,2022,12,0
2022-04-03,0.0,0.0,Tokyo,2022,13,0
2022-04-10,0.03,1.0,Tokyo,2022,14,0
2022-04-17,0.12,0.0,Tokyo,2022,15,0
2022-04-24,0.11,2.0,Tokyo,2022,16,0
2022-05-01,0.16,0.0,Tokyo,2022,17,0
2022-05-08,0.05,2.0,Tokyo,2022,18,0
2022-05-15,0.09,3.0,Tokyo,2022,19,0
2022-05-22,0.11,1.0,Tokyo,2022,20,0
2022-05-29,0.24,0.0,Tokyo,2022,21,0
2022-06-05,0.25,0.0,Tokyo,2022,22,0
2022-06-12,0.45,3.0,Tokyo,2022,23,0
2022-06-19,0.69,0.0,Tokyo,2022,24,0
2022-06-26,1.21,0.0,Tokyo,2022,25,0
2022-07-03,1.82,0.0,Tokyo,2022,26,0
2022-07-10,2.78,0.0,Tokyo,2022,27,0
2022-07-17,3.76,6.0,Tokyo,2022,28,0
2022-07-24,3.92,6.0,Tokyo,2022,29,0
2022-07-31,4.4,14.0,Tokyo,2022,30,0
2022-08-07,4.35,22.0,Tokyo,2022,31,0
2022-08-14,3.16,13.0,Tokyo,2022,32,0
2022-08-21,2.94,8.0,Tokyo,2022,33,1
2022-08-28,3.25,5.0,Tokyo,2022,34,0
2022-09-04,4.77,14.0,Tokyo,2022,35,0
2022-09-11,5.01,7.0,Tokyo,2022,36,0
2022-09-18,5.28,8.0,Tokyo,2022,37,0
2022-09-25,4.03,7.0,Tokyo,2022,38,0
2022-10-02,3.27,5.0,Tokyo,2022,39,0
2022-10-09,2.76,2.0,Tokyo,2022,40,0
2022-10-16,2.28,2.0,Tokyo,2022,41,0
2022-10-23,2.38,2.0,Tokyo,2022,42,0
2022-10-30,2.27,9.0,Tokyo,2022,43,0
2022-11-06,1.78,31.0,Tokyo,2022,44,0
2022-11-13,0.99,85.0,Tokyo,2022,45,0
2022-11-20,1.3,125.0,Tokyo,2022,46,0
2022-11-27,0.88,71.0,Tokyo,2022,47,0
2022-12-04,0.8,107.0,Tokyo,2022,48,0
2022-12-11,0.68,203.0,Tokyo,2022,49,0
2022-12-18,0.59,459.0,Tokyo,2022,50,0
2022-12-25,0.31,939.0,Tokyo,2022,51,0
2023-01-01,0.09,1063.0,Tokyo,2022,52,0
2023-01-08,0.12,1460.0,Tokyo,2023,1,0
2023-01-15,0.21,2174.0,Tokyo,2023,2,0
2023-01-22,0.32,3493.0,Tokyo,2023,3,0
2023-01-29,0.15,3790.0,Tokyo,2023,4,0
2023-02-05,0.46,4033.0,Tokyo,2023,5,0
2023-02-12,0.1,4008.0,Tokyo,2023,6,0
2023-02-19,0.09,4138.0,Tokyo,2023,7,0
2023-02-26,0.2,3499.0,Tokyo,2023,8,0
2023-03-05,0.15,3436.0,Tokyo,2023,9,0
2023-03-12,0.26,4286.0,Tokyo,2023,10,0
2023-03-19,0.39,3140.0,Tokyo,2023,11,0
2023-03-26,0.37,2139.0,Tokyo,2023,12,0
2023-04-02,0.44,1469.0,Tokyo,2023,13,0
2023-04-09,0.64,953.0,Tokyo,2023,14,0
2023-04-16,0.83,788.0,Tokyo,2023,15,0
2023-04-23,1.1,756.0,Tokyo,2023,16,0
2023-04-30,0.87,630.0,Tokyo,2023,17,0
2023-05-07,0.98,455.0,Tokyo,2023,18,0
2023-05-14,0.95,397.0,Tokyo,2023,19,0
2023-05-21,1.71,838.0,Tokyo,2023,20,0
2023-05-28,2.93,785.0,Tokyo,2023,21,0
2023-06-04,3.64,706.0,Tokyo,2023,22,0
2023-06-11,4.48,701.0,Tokyo,2023,23,0
2023-06-18,6.04,550.0,Tokyo,2023,24,0
2023-06-25,7.0,412.0,Tokyo,2023,25,0
2023-07-02,6.86,382.0,Tokyo,2023,26,0
2023-07-09,7.04,507.0,Tokyo,2023,27,0
2023-07-16,6.29,514.0,Tokyo,2023,28,0
2023-07-23,3.97,413.0,Tokyo,2023,29,0
2023-07-30,3.08,500.0,Tokyo,2023,30,0
2023-08-06,2.5,508.0,Tokyo,2023,31,0
2023-08-13,1.17,395.0,Tokyo,2023,32,0
2023-08-20,0.9,374.0,Tokyo,2023,33,1
2023-08-27,0.85,576.0,Tokyo,2023,34,0
2023-09-03,0.72,1225.0,Tokyo,2023,35,0
2023-09-10,0.55,2481.0,Tokyo,2023,36,0
2023-09-17,0.41,4742.0,Tokyo,2023,37,0
2023-09-24,0.14,5060.0,Tokyo,2023,38,0
2023-10-01,0.17,6913.0,Tokyo,2023,39,0
2023-10-08,0.2,6873.0,Tokyo,2023,40,0
2023-10-15,0.11,6733.0,Tokyo,2023,41,0
2023-10-22,0.15,9044.0,Tokyo,2023,42,0
2023-10-29,0.04,8282.0,Tokyo,2023,43,0
2023-11-05,0.09,7086.0,Tokyo,2023,44,0
2023-11-12,0.06,4779.0,Tokyo,2023,45,0
2023-11-19,0.03,5082.0,Tokyo,2023,46,0
2023-11-26,0.1,6781.0,Tokyo,2023,47,0
2023-12-03,0.05,6259.0,Tokyo,2023,48,0
2023-12-10,0.08,8404.0,Tokyo,2023,49,0
2023-12-17,0.08,8477.0,Tokyo,2023,50,0
2023-12-24,0.06,7486.0,Tokyo,2023,51,0
2023-12-31,0.04,7650.0,Tokyo,2023,52,0
2024-01-07,0.03,3162.0,Tokyo,2024,1,0
2024-01-14,0.19,4186.0,Tokyo,2024,2,0
2024-01-21,0.06,6725.0,Tokyo,2024,3,0
2024-01-28,0.11,7672.0,Tokyo,2024,4,0
2024-02-04,0.16,8398.0,Tokyo,2024,5,0
2024-02-11,0.2,9475.0,Tokyo,2024,6,0
2024-02-18,0.27,8909.0,Tokyo,2024,7,0
2024-02-25,0.31,6964.0,Tokyo,2024,8,0
2024-03-03,0.63,5214.0,Tokyo,2024,9,0
2024-03-10,0.65,5588.0,Tokyo,2024,10,0
2024-03-17,1.2,5847.0,Tokyo,2024,11,0
2024-03-24,1.41,4777.0,Tokyo,2024,12,0
2024-03-31,1.9,3903.0,Tokyo,2024,13,0
2024-04-07,2.43,1744.0,Tokyo,2024,14,0
2024-04-14,4.25,819.0,Tokyo,2024,15,0
2024-04-21,5.4,504.0,Tokyo,2024,16,0
2024-04-28,4.83,298.0,Tokyo,2024,17,0
2024-05-05,3.25,141.0,Tokyo,2024,18,0
2024-05-12,2.86,82.0,Tokyo,2024,19,0
2024-05-19,3.2,73.0,Tokyo,2024,20,0
2024-05-26,3.38,60.0,Tokyo,2024,21,0
2024-06-02,2.42,53.0,Tokyo,2024,22,0
2024-06-09,2.46,62.0,Tokyo,2024,23,0
2024-06-16,1.84,81.0,Tokyo,2024,24,0
2024-06-23,1.47,78.0,Tokyo,2024,25,0
2024-06-30,1.58,76.0,Tokyo,2024,26,0
2024-07-07,1.25,124.0,Tokyo,2024,27,0
2024-07-14,1.16,139.0,Tokyo,2024,28,0
2024-07-21,0.97,121.0,Tokyo,2024,29,0
2024-07-28,0.78,111.0,Tokyo,2024,30,0
2024-08-04,1.04,102.0,Tokyo,2024,31,0
2024-08-11,0.98,79.0,Tokyo,2024,32,0
2024-08-18,0.5,61.0,Tokyo,2024,33,1
2024-08-25,0.5,108.0,Tokyo,2024,34,0
2024-09-01,0.68,130.0,Tokyo,2024,35,0
2024-09-08,0.69,208.0,Tokyo,2024,36,0
2024-09-15,0.63,201.0,Tokyo,2024,37,0
2024-09-22,0.54,246.0,Tokyo,2024,38,0
2024-09-29,0.81,290.0,Tokyo,2024,39,0
2024-10-06,0.5,335.0,Tokyo,2024,40,0
2024-10-13,0.53,393.0,Tokyo,2024,41,0
2024-10-20,0.35,308.0,Tokyo,2024,42,0
2024-10-27,0.52,307.0,Tokyo,2024,43,0
2024-11-03,0.66,386.0,Tokyo,2024,44,0
2024-11-10,0.52,468.0,Tokyo,2024,45,0
2024-11-17,0.59,873.0,Tokyo,2024,46,0
2024-11-24,0.62,1000.0,Tokyo,2024,47,0
2024-12-01,0.57,1807.0,Tokyo,2024,48,0
2024-12-08,0.66,3425.0,Tokyo,2024,49,0
2024-12-15,0.74,7256.0,Tokyo,2024,50,0
2024-12-22,0.71,16727.0,Tokyo,2024,51,0
2024-12-29,1.05,23625.0,Tokyo,2024,52,0
2025-01-05,0.17,4474.0,Tokyo,2025,1,0
2025-01-12,0.86,9166.0,Tokyo,2025,2,0
2025-01-19,0.93,4297.0,Tokyo,2025,3,0
2025-01-26,1.61,2759.0,Tokyo,2025,4,0
2025-02-02,1.74,1586.0,Tokyo,2025,5,0
2025-02-09,1.82,1124.0,Tokyo,2025,6,0
2025-02-16,2.02,685.0,Tokyo,2025,7,0
2025-02-23,1.79,655.0,Tokyo,2025,8,0
2025-03-02,1.57,589.0,Tokyo,2025,9,0
2025-03-09,1.48,769.0,Tokyo,2025,10,0
2025-03-16,1.41,865.0,Tokyo,2025,11,0
2025-03-23,1.12,810.0,Tokyo,2025,12,0
2025-03-30,1.25,798.0,Tokyo,2025,13,0
2025-04-06,0.8,495.0,Tokyo,2025,14,0
2025-04-13,1.36,519.0,Tokyo,2025,15,0
2025-04-20,1.05,394.0,Tokyo,2025,16,0
2025-04-27,1.02,372.0,Tokyo,2025,17,0
2025-05-04,0.58,234.0,Tokyo,2025,18,0
2025-05-11,0.27,185.0,Tokyo,2025,19,0
2025-05-18,0.22,174.0,Tokyo,2025,20,0
2025-05-25,0.28,132.0,Tokyo,2025,21,0
2025-06-01,0.42,102.0,Tokyo,2025,22,0
2025-06-08,0.33,84.0,Tokyo,2025,23,0
2025-06-15,0.3,96.0,Tokyo,2025,24,0
2025-06-22,0.37,60.0,Tokyo,2025,25,0
2025-06-29,0.28,84.0,Tokyo,2025,26,0
2025-07-06,0.55,104.0,Tokyo,2025,27,0
2025-07-13,0.56,92.0,Tokyo,2025,28,0
2025-07-20,0.91,96.0,Tokyo,2025,29,0
2025-07-27,1.37,186.0,Tokyo,2025,30,0
2025-08-03,1.63,176.0,Tokyo,2025,31,0
2025-08-10,2.5,98.0,Tokyo,2025,32,0
2025-08-17,1.42,83.0,Tokyo,2025,33,1
2025-08-24,1.78,110.0,Tokyo,2025,34,0
